{
  "meta_title": "",
  "meta_description": "",
  "sections": [
    {
      "type": "banner-slider",
      "autoplay": 9000,
      "full_width": false,
      "slides": [
        {
          "img": "/img/uploads/rect89.webp",
          "link": "/headset",
          "alt": "Headset banner",
          "start": "2022-09-26T16:40:11.623Z",
          "end": "",
          "mobile_img": "/img/uploads/headphone.webp"
        },
        {
          "start": "",
          "end": "",
          "img": "/img/uploads/banner2.webp",
          "alt": "Banner sample two",
          "mobile_img": "/img/uploads/passion.webp"
        }
      ]
    },
    {
      "type": "collection-shelf",
      "shuffle": true,
      "limit": "",
      "page": "",
      "headless": true,
      "sort": "sales",
      "collection_id": "622cc83e8bd0103c54f0d394:brands:Felly Jeans:/felly"
    },
    {
      "type": "collection-shelf",
      "shuffle": true,
      "collection_id": null,
      "sort": "slug",
      "title": "",
      "headless": true,
      "limit": "",
      "page": ""
    },
    {
      "type": "info-bar",
      "enabled": true
    }
  ]
}